model,event_id,motor_id,fault_classes,primary_fault_class,start,end,duration_minutes,previous_end,detected,first_alert,lead_minutes,anticipated
statistical,1,1,"2,1",2,2026-01-01 02:37:00,2026-01-01 03:47:00,71,,True,2026-01-01 02:39:00,-2.0,False
statistical,2,1,"2,3",3,2026-01-01 05:32:00,2026-01-01 06:27:00,56,2026-01-01 03:47:00,True,2026-01-01 05:29:00,3.0,True
statistical,3,1,3,3,2026-01-01 17:34:00,2026-01-01 18:29:00,56,2026-01-01 06:27:00,True,2026-01-01 17:29:00,5.0,True
statistical,4,1,1,1,2026-01-01 19:54:00,2026-01-01 20:36:00,43,2026-01-01 18:29:00,True,2026-01-01 19:59:00,-5.0,False
statistical,5,2,"1,3",3,2026-01-01 03:19:00,2026-01-01 04:05:00,47,,True,2026-01-01 03:24:00,-5.0,False
statistical,6,2,1,1,2026-01-01 14:37:00,2026-01-01 15:16:00,40,2026-01-01 04:05:00,True,2026-01-01 14:44:00,-7.0,False
statistical,7,2,2,2,2026-01-01 15:32:00,2026-01-01 16:20:00,49,2026-01-01 15:16:00,True,2026-01-01 15:34:00,-2.0,False
statistical,8,2,1,1,2026-01-01 22:55:00,2026-01-01 23:53:00,59,2026-01-01 16:20:00,True,2026-01-01 22:49:00,6.0,True
statistical,9,10,2,2,2026-01-01 03:12:00,2026-01-01 03:50:00,39,,True,2026-01-01 03:29:00,-17.0,False
statistical,10,10,2,2,2026-01-01 17:25:00,2026-01-01 18:02:00,38,2026-01-01 03:50:00,True,2026-01-01 17:44:00,-19.0,False
statistical,11,10,1,1,2026-01-01 18:04:00,2026-01-01 18:33:00,30,2026-01-01 18:02:00,True,2026-01-01 18:04:00,0.0,False
statistical,12,10,2,2,2026-01-01 20:55:00,2026-01-01 21:25:00,31,2026-01-01 18:33:00,True,2026-01-01 21:04:00,-9.0,False
statistical,13,15,2,2,2026-01-01 01:36:00,2026-01-01 02:29:00,54,,True,2026-01-01 01:39:00,-3.0,False
statistical,14,15,1,1,2026-01-01 04:05:00,2026-01-01 04:36:00,32,2026-01-01 02:29:00,True,2026-01-01 04:09:00,-4.0,False
statistical,15,15,1,1,2026-01-01 11:10:00,2026-01-01 12:11:00,62,2026-01-01 04:36:00,True,2026-01-01 11:09:00,1.0,True
statistical,16,15,3,3,2026-01-01 17:39:00,2026-01-01 18:10:00,32,2026-01-01 12:11:00,True,2026-01-01 17:49:00,-10.0,False
statistical,17,16,2,2,2026-01-01 02:27:00,2026-01-01 02:55:00,29,,True,2026-01-01 02:34:00,-7.0,False
statistical,18,16,3,3,2026-01-01 04:08:00,2026-01-01 04:50:00,43,2026-01-01 02:55:00,True,2026-01-01 04:04:00,4.0,True
statistical,19,16,2,2,2026-01-01 11:17:00,2026-01-01 12:00:00,44,2026-01-01 04:50:00,True,2026-01-01 11:24:00,-7.0,False
isolation_forest,1,1,"2,1",2,2026-01-01 02:37:00,2026-01-01 03:47:00,71,,True,2026-01-01 02:34:00,3.0,True
isolation_forest,2,1,"2,3",3,2026-01-01 05:32:00,2026-01-01 06:27:00,56,2026-01-01 03:47:00,True,2026-01-01 05:24:00,8.0,True
isolation_forest,3,1,3,3,2026-01-01 17:34:00,2026-01-01 18:29:00,56,2026-01-01 06:27:00,True,2026-01-01 17:29:00,5.0,True
isolation_forest,4,1,1,1,2026-01-01 19:54:00,2026-01-01 20:36:00,43,2026-01-01 18:29:00,True,2026-01-01 20:04:00,-10.0,False
isolation_forest,5,2,"1,3",3,2026-01-01 03:19:00,2026-01-01 04:05:00,47,,True,2026-01-01 03:24:00,-5.0,False
isolation_forest,6,2,1,1,2026-01-01 14:37:00,2026-01-01 15:16:00,40,2026-01-01 04:05:00,True,2026-01-01 14:49:00,-12.0,False
isolation_forest,7,2,2,2,2026-01-01 15:32:00,2026-01-01 16:20:00,49,2026-01-01 15:16:00,True,2026-01-01 15:34:00,-2.0,False
isolation_forest,8,2,1,1,2026-01-01 22:55:00,2026-01-01 23:53:00,59,2026-01-01 16:20:00,True,2026-01-01 23:49:00,-54.0,False
isolation_forest,9,10,2,2,2026-01-01 03:12:00,2026-01-01 03:50:00,39,,True,2026-01-01 03:24:00,-12.0,False
isolation_forest,10,10,2,2,2026-01-01 17:25:00,2026-01-01 18:02:00,38,2026-01-01 03:50:00,True,2026-01-01 17:34:00,-9.0,False
isolation_forest,11,10,1,1,2026-01-01 18:04:00,2026-01-01 18:33:00,30,2026-01-01 18:02:00,True,2026-01-01 18:04:00,0.0,False
isolation_forest,12,10,2,2,2026-01-01 20:55:00,2026-01-01 21:25:00,31,2026-01-01 18:33:00,True,2026-01-01 21:04:00,-9.0,False
isolation_forest,13,15,2,2,2026-01-01 01:36:00,2026-01-01 02:29:00,54,,True,2026-01-01 01:44:00,-8.0,False
isolation_forest,14,15,1,1,2026-01-01 04:05:00,2026-01-01 04:36:00,32,2026-01-01 02:29:00,True,2026-01-01 04:14:00,-9.0,False
isolation_forest,15,15,1,1,2026-01-01 11:10:00,2026-01-01 12:11:00,62,2026-01-01 04:36:00,True,2026-01-01 11:49:00,-39.0,False
isolation_forest,16,15,3,3,2026-01-01 17:39:00,2026-01-01 18:10:00,32,2026-01-01 12:11:00,True,2026-01-01 17:44:00,-5.0,False
isolation_forest,17,16,2,2,2026-01-01 02:27:00,2026-01-01 02:55:00,29,,True,2026-01-01 02:34:00,-7.0,False
isolation_forest,18,16,3,3,2026-01-01 04:08:00,2026-01-01 04:50:00,43,2026-01-01 02:55:00,True,2026-01-01 04:04:00,4.0,True
isolation_forest,19,16,2,2,2026-01-01 11:17:00,2026-01-01 12:00:00,44,2026-01-01 04:50:00,True,2026-01-01 11:24:00,-7.0,False
autoencoder,1,1,"2,1",2,2026-01-01 02:37:00,2026-01-01 03:47:00,71,,True,2026-01-01 02:49:00,-12.0,False
autoencoder,2,1,"2,3",3,2026-01-01 05:32:00,2026-01-01 06:27:00,56,2026-01-01 03:47:00,True,2026-01-01 05:29:00,3.0,True
autoencoder,3,1,3,3,2026-01-01 17:34:00,2026-01-01 18:29:00,56,2026-01-01 06:27:00,True,2026-01-01 17:34:00,0.0,False
autoencoder,4,1,1,1,2026-01-01 19:54:00,2026-01-01 20:36:00,43,2026-01-01 18:29:00,True,2026-01-01 20:09:00,-15.0,False
autoencoder,5,2,"1,3",3,2026-01-01 03:19:00,2026-01-01 04:05:00,47,,True,2026-01-01 03:24:00,-5.0,False
autoencoder,6,2,1,1,2026-01-01 14:37:00,2026-01-01 15:16:00,40,2026-01-01 04:05:00,True,2026-01-01 14:59:00,-22.0,False
autoencoder,7,2,2,2,2026-01-01 15:32:00,2026-01-01 16:20:00,49,2026-01-01 15:16:00,True,2026-01-01 15:34:00,-2.0,False
autoencoder,8,2,1,1,2026-01-01 22:55:00,2026-01-01 23:53:00,59,2026-01-01 16:20:00,True,2026-01-01 23:09:00,-14.0,False
autoencoder,9,10,2,2,2026-01-01 03:12:00,2026-01-01 03:50:00,39,,True,2026-01-01 03:39:00,-27.0,False
autoencoder,10,10,2,2,2026-01-01 17:25:00,2026-01-01 18:02:00,38,2026-01-01 03:50:00,True,2026-01-01 17:49:00,-24.0,False
autoencoder,11,10,1,1,2026-01-01 18:04:00,2026-01-01 18:33:00,30,2026-01-01 18:02:00,True,2026-01-01 18:04:00,0.0,False
autoencoder,12,10,2,2,2026-01-01 20:55:00,2026-01-01 21:25:00,31,2026-01-01 18:33:00,True,2026-01-01 21:09:00,-14.0,False
autoencoder,13,15,2,2,2026-01-01 01:36:00,2026-01-01 02:29:00,54,,True,2026-01-01 01:59:00,-23.0,False
autoencoder,14,15,1,1,2026-01-01 04:05:00,2026-01-01 04:36:00,32,2026-01-01 02:29:00,True,2026-01-01 04:14:00,-9.0,False
autoencoder,15,15,1,1,2026-01-01 11:10:00,2026-01-01 12:11:00,62,2026-01-01 04:36:00,True,2026-01-01 11:34:00,-24.0,False
autoencoder,16,15,3,3,2026-01-01 17:39:00,2026-01-01 18:10:00,32,2026-01-01 12:11:00,True,2026-01-01 17:49:00,-10.0,False
autoencoder,17,16,2,2,2026-01-01 02:27:00,2026-01-01 02:55:00,29,,True,2026-01-01 02:34:00,-7.0,False
autoencoder,18,16,3,3,2026-01-01 04:08:00,2026-01-01 04:50:00,43,2026-01-01 02:55:00,True,2026-01-01 04:09:00,-1.0,False
autoencoder,19,16,2,2,2026-01-01 11:17:00,2026-01-01 12:00:00,44,2026-01-01 04:50:00,True,2026-01-01 11:34:00,-17.0,False
sprint2,1,1,"2,1",2,2026-01-01 02:37:00,2026-01-01 03:47:00,71,,True,2026-01-01 02:59:00,-22.0,False
sprint2,2,1,"2,3",3,2026-01-01 05:32:00,2026-01-01 06:27:00,56,2026-01-01 03:47:00,True,2026-01-01 05:24:00,8.0,True
sprint2,3,1,3,3,2026-01-01 17:34:00,2026-01-01 18:29:00,56,2026-01-01 06:27:00,True,2026-01-01 17:59:00,-25.0,False
sprint2,4,1,1,1,2026-01-01 19:54:00,2026-01-01 20:36:00,43,2026-01-01 18:29:00,True,2026-01-01 20:04:00,-10.0,False
sprint2,5,2,"1,3",3,2026-01-01 03:19:00,2026-01-01 04:05:00,47,,True,2026-01-01 03:24:00,-5.0,False
sprint2,6,2,1,1,2026-01-01 14:37:00,2026-01-01 15:16:00,40,2026-01-01 04:05:00,True,2026-01-01 14:49:00,-12.0,False
sprint2,7,2,2,2,2026-01-01 15:32:00,2026-01-01 16:20:00,49,2026-01-01 15:16:00,True,2026-01-01 15:34:00,-2.0,False
sprint2,8,2,1,1,2026-01-01 22:55:00,2026-01-01 23:53:00,59,2026-01-01 16:20:00,True,2026-01-01 22:59:00,-4.0,False
sprint2,9,10,2,2,2026-01-01 03:12:00,2026-01-01 03:50:00,39,,True,2026-01-01 03:39:00,-27.0,False
sprint2,10,10,2,2,2026-01-01 17:25:00,2026-01-01 18:02:00,38,2026-01-01 03:50:00,False,,,False
sprint2,11,10,1,1,2026-01-01 18:04:00,2026-01-01 18:33:00,30,2026-01-01 18:02:00,False,,,False
sprint2,12,10,2,2,2026-01-01 20:55:00,2026-01-01 21:25:00,31,2026-01-01 18:33:00,True,2026-01-01 21:09:00,-14.0,False
sprint2,13,15,2,2,2026-01-01 01:36:00,2026-01-01 02:29:00,54,,True,2026-01-01 01:49:00,-13.0,False
sprint2,14,15,1,1,2026-01-01 04:05:00,2026-01-01 04:36:00,32,2026-01-01 02:29:00,True,2026-01-01 04:04:00,1.0,True
sprint2,15,15,1,1,2026-01-01 11:10:00,2026-01-01 12:11:00,62,2026-01-01 04:36:00,True,2026-01-01 11:14:00,-4.0,False
sprint2,16,15,3,3,2026-01-01 17:39:00,2026-01-01 18:10:00,32,2026-01-01 12:11:00,True,2026-01-01 17:49:00,-10.0,False
sprint2,17,16,2,2,2026-01-01 02:27:00,2026-01-01 02:55:00,29,,True,2026-01-01 02:49:00,-22.0,False
sprint2,18,16,3,3,2026-01-01 04:08:00,2026-01-01 04:50:00,43,2026-01-01 02:55:00,True,2026-01-01 04:19:00,-11.0,False
sprint2,19,16,2,2,2026-01-01 11:17:00,2026-01-01 12:00:00,44,2026-01-01 04:50:00,False,,,False
